image,common_name,scientific_name,class_number
IMG20231004154634.jpg,Peepla,Ficus religiosa,0
IMG20231004154651.jpg,Peepla,Ficus religiosa,0
IMG20231004154748.jpg,Peepla,Ficus religiosa,0
IMG20231004154809.jpg,Peepla,Ficus religiosa,0
IMG20231004154917.jpg,Peepla,Ficus religiosa,0
IMG20231004155118.jpg,Borsalli,Mimusops elengi,1
IMG20231004155132.jpg,Borsalli,Mimusops elengi,1
IMG20231004155149.jpg,Borsalli,Mimusops elengi,1
IMG20231004155213.jpg,Borsalli,Mimusops elengi,1
IMG20231004155323.jpg,Borsalli,Mimusops elengi,1
IMG20231004155327.jpg,Borsalli,Mimusops elengi,1
IMG20231004155554.jpg,Kamani,Murraya paniculata,2
IMG20231004155602.jpg,Kamani,Murraya paniculata,2
IMG20231004155631.jpg,Kamani,Murraya paniculata,2
IMG20231004155642.jpg,Kamani,Murraya paniculata,2
IMG20231004155721.jpg,Kamani,Murraya paniculata,2
IMG20231004155801.jpg,Kamani,Murraya paniculata,2
IMG20231004155912.jpg,Jasud,Hibiscus rosa sinensis,3
IMG20231004160002.jpg,Jasud,Hibiscus rosa sinensis,3
IMG20231004160043.jpg,Jasud,Hibiscus rosa sinensis,3
IMG20231004160236.jpg,Jasud,Hibiscus rosa sinensis,3
IMG20231004160249.jpg,Jasud,Hibiscus rosa sinensis,3
IMG20231004160505.jpg,Bamboo,Bambusa vulguris,4
IMG20231004160553.jpg,Bamboo,Bambusa vulguris,4
IMG20231004160623.jpg,Bamboo,Bambusa vulguris,4
IMG20231004160753.jpg,Bamboo,Bambusa vulguris,4
IMG20231004160822.jpg,Bamboo,Bambusa vulguris,4
IMG20231004161319.jpg,Clusters fig,Ficus racemosa,5
IMG20231004161328.jpg,Clusters fig,Ficus racemosa,5
IMG20231004161554.jpg,Clusters fig,Ficus racemosa,5
IMG20231004161653.jpg,Clusters fig,Ficus racemosa,5
IMG20231004161729.jpg,Clusters fig,Ficus racemosa,5
IMG20231004162025.jpg,Wedelia,Wedelia chinensis,6
IMG20231004162125.jpg,Wedelia,Wedelia chinensis,6
IMG20231004162157.jpg,Wedelia,Wedelia chinensis,6
IMG20231004162413.jpg,Wedelia,Wedelia chinensis,6
IMG20231004162427.jpg,Wedelia,Wedelia chinensis,6
IMG20231004162702.jpg,Rosy trumpet tree,Tabebuia rosea,7
IMG20231004162730.jpg,Rosy trumpet tree,Tabebuia rosea,7
IMG20231004162747.jpg,Rosy trumpet tree,Tabebuia rosea,7
IMG20231004162812.jpg,Rosy trumpet tree,Tabebuia rosea,7
IMG20231004162835.jpg,Rosy trumpet tree,Tabebuia rosea,7
IMG20231004163116.jpg,Ixora,Ixora coccinea,8
IMG20231004163139.jpg,Ixora,Ixora coccinea,8
IMG20231004163201.jpg,Ixora,Ixora coccinea,8
IMG20231004163302.jpg,Ixora,Ixora coccinea,8
IMG20231004163335.jpg,Ixora,Ixora coccinea,8
IMG20231004163351.jpg,Ixora,Ixora coccinea,8
IMG20231004163640.jpg,Nagchampo,Plumeria pudica,9
IMG20231004163654.jpg,Nagchampo,Plumeria pudica,9
IMG20231004163721.jpg,Nagchampo,Plumeria pudica,9
IMG20231004163749.jpg,Nagchampo,Plumeria pudica,9
IMG20231004163822.jpg,Nagchampo,Plumeria pudica,9
IMG20231004163932.jpg,Jatropha,Jatropha integerrima,10
IMG20231004163946.jpg,Jatropha,Jatropha integerrima,10
IMG20231004163959.jpg,Jatropha,Jatropha integerrima,10
IMG20231004164057.jpg,Jatropha,Jatropha integerrima,10
IMG20231004164126.jpg,Jatropha,Jatropha integerrima,10
IMG20231004164153.jpg,Jatropha,Jatropha integerrima,10
IMG20231004164532.jpg,Aralia,Aralia variegated,11
IMG20231004164609.jpg,Aralia,Aralia variegated,11
IMG20231004164631.jpg,Aralia,Aralia variegated,11
IMG20231004164708.jpg,Aralia,Aralia variegated,11
IMG20231004164735.jpg,Aralia,Aralia variegated,11
IMG20231004164903.jpg,Kadam,Neolamarckia cadamba,12
IMG20231004164943.jpg,Kadam,Neolamarckia cadamba,12
IMG20231004165002.jpg,Kadam,Neolamarckia cadamba,12
IMG20231004165025.jpg,Kadam,Neolamarckia cadamba,12
IMG20231004165059.jpg,Kadam,Neolamarckia cadamba,12
IMG20231004170241.jpg,Asopalav,Polyalthia longifolium,13
IMG20231004170252.jpg,Asopalav,Polyalthia longifolium,13
IMG20231004170301.jpg,Asopalav,Polyalthia longifolium,13
IMG20231004170314.jpg,Asopalav,Polyalthia longifolium,13
IMG20231004170420.jpg,Asopalav,Polyalthia longifolium,13
IMG20231004170627.jpg,Weeping fig,Ficus benjamina,14
IMG20231004170649.jpg,Weeping fig,Ficus benjamina,14
IMG20231004170801.jpg,Weeping fig,Ficus benjamina,14
IMG20231004170854.jpg,Weeping fig,Ficus benjamina,14
IMG20231004170946.jpg,Tulsi,Ocimum sanctum,15
IMG20231004171251.jpg,Jambu,Syzygium cumini,16
IMG20231004171305.jpg,Jambu,Syzygium cumini,16
IMG20231004171335.jpg,Jambu,Syzygium cumini,16
IMG20231004171401.jpg,Jambu,Syzygium cumini,16
IMG20231004171450.jpg,Jambu,Syzygium cumini,16
IMG20231004171603.jpg,Karanj,Pongamia pinnata,17
IMG20231004171616.jpg,Karanj,Pongamia pinnata,17
IMG20231004171644.jpg,Karanj,Pongamia pinnata,17
IMG20231004171909.jpg,Karanj,Pongamia pinnata,17
IMG20231004171940.jpg,Karanj,Pongamia pinnata,17
IMG20231004172100.jpg,Quick stick,Gliricidia sepium,18
IMG20231004172128.jpg,Quick stick,Gliricidia sepium,18
IMG20231004172301.jpg,Quick stick,Gliricidia sepium,18
IMG20231004172618.jpg,Pipal,Ficus amplissima,19
IMG20231004172657.jpg,Pipal,Ficus amplissima,19
IMG20231004172723.jpg,Pipal,Ficus amplissima,19
IMG20231004172803.jpg,Pipal,Ficus amplissima,19
IMG20231004172823.jpg,Pipal,Ficus amplissima,19
IMG20240213090615.jpg,Ixora,Ixora coccinea,8
IMG20240213091003.jpg,Ixora,Ixora coccinea,8
IMG20240213091033.jpg,Ixora,Ixora coccinea,8
IMG20240213091053.jpg,Ixora,Ixora coccinea,8
IMG20240213091109.jpg,Ixora,Ixora coccinea,8
IMG20240213091116.jpg,Ixora,Ixora coccinea,8
IMG20240213091130.jpg,Ixora,Ixora coccinea,8
IMG20240213091137.jpg,Ixora,Ixora coccinea,8
IMG20240213091245.jpg,Paperflower,Bougainvillea Glabra,20
IMG20240213091302.jpg,Paperflower,Bougainvillea Glabra,20
IMG20240213091316.jpg,Paperflower,Bougainvillea Glabra,20
IMG20240213091322.jpg,Paperflower,Bougainvillea Glabra,20
IMG20240213091334.jpg,Paperflower,Bougainvillea Glabra,20
IMG20240213091341.jpg,Paperflower,Bougainvillea Glabra,20
IMG20240213091427.jpg,Paperflower,Bougainvillea Glabra,20
IMG20240213091438.jpg,Paperflower,Bougainvillea Glabra,20
IMG20240213091536.jpg,Karonda,Carissa Carandas,21
IMG20240213091546.jpg,Karonda,Carissa Carandas,21
IMG20240213091555.jpg,Karonda,Carissa Carandas,21
IMG20240213091603.jpg,Karonda,Carissa Carandas,21
IMG20240213091614.jpg,Karonda,Carissa Carandas,21
IMG20240213091624.jpg,Karonda,Carissa Carandas,21
IMG20240213091654.jpg,Karonda,Carissa Carandas,21
IMG20240213091702.jpg,Karonda,Carissa Carandas,21
IMG20240213091923.jpg,Pellow Bells,Tecoma Stans,22
IMG20240213092006.jpg,Pellow Bells,Tecoma Stans,22
IMG20240213092027.jpg,Pellow Bells,Tecoma Stans,22
IMG20240213092107.jpg,Pellow Bells,Tecoma Stans,22
IMG20240213092127.jpg,Pellow Bells,Tecoma Stans,22
IMG20240213092149.jpg,Pellow Bells,Tecoma Stans,22
IMG20240213092217.jpg,Pellow Bells,Tecoma Stans,22
IMG20240213092251.jpg,Pellow Bells,Tecoma Stans,22
IMG20240213092329.jpg,Pellow Bells,Tecoma Stans,22
IMG20240213092336.jpg,Pellow Bells,Tecoma Stans,22
IMG20240213092405.jpg,Pellow Bells,Tecoma Stans,22
IMG20240213092417.jpg,Pellow Bells,Tecoma Stans,22
IMG20240213092547.jpg,Bay Biscayne Creeping Oxeye,Sphagneticola Trilobata,23
IMG20240213092555.jpg,Bay Biscayne Creeping Oxeye,Sphagneticola Trilobata,23
IMG20240213092609.jpg,Bay Biscayne Creeping Oxeye,Sphagneticola Trilobata,23
IMG20240213092614.jpg,Bay Biscayne Creeping Oxeye,Sphagneticola Trilobata,23
IMG20240213092627.jpg,Bay Biscayne Creeping Oxeye,Sphagneticola Trilobata,23
IMG20240213092636.jpg,Bay Biscayne Creeping Oxeye,Sphagneticola Trilobata,23
IMG20240213092644.jpg,Bay Biscayne Creeping Oxeye,Sphagneticola Trilobata,23
IMG20240213092650.jpg,Bay Biscayne Creeping Oxeye,Sphagneticola Trilobata,23
IMG20240213092704.jpg,Bay Biscayne Creeping Oxeye,Sphagneticola Trilobata,23
IMG20240213092713.jpg,Bay Biscayne Creeping Oxeye,Sphagneticola Trilobata,23
IMG20240213092802.jpg,Custard Apple,Annona Squamosa,24
IMG20240213092810.jpg,Custard Apple,Annona Squamosa,24
IMG20240213092824.jpg,Custard Apple,Annona Squamosa,24
IMG20240213092832.jpg,Custard Apple,Annona Squamosa,24
IMG20240213092902.jpg,Custard Apple,Annona Squamosa,24
IMG20240213092910.jpg,Custard Apple,Annona Squamosa,24
IMG20240213092934.jpg,Custard Apple,Annona Squamosa,24
IMG20240213092943.jpg,Custard Apple,Annona Squamosa,24
IMG20240213092954.jpg,Custard Apple,Annona Squamosa,24
IMG20240213093008.jpg,Custard Apple,Annona Squamosa,24
IMG20240213093143.jpg,Lantana,Lantana Camara,25
IMG20240213093148.jpg,Lantana,Lantana Camara,25
IMG20240213093159.jpg,Lantana,Lantana Camara,25
IMG20240213093204.jpg,Lantana,Lantana Camara,25
IMG20240213093236.jpg,Lantana,Lantana Camara,25
IMG20240213093244.jpg,Lantana,Lantana Camara,25
IMG20240213093250.jpg,Lantana,Lantana Camara,25
IMG20240213093256.jpg,Lantana,Lantana Camara,25
IMG20240213093314.jpg,Lantana,Lantana Camara,25
IMG20240213093322.jpg,Lantana,Lantana Camara,25
IMG20240213093415.jpg,Bili Patra,Aegle Marmelos,26
IMG20240213093438.jpg,Bili Patra,Aegle Marmelos,26
IMG20240213093449.jpg,Bili Patra,Aegle Marmelos,26
IMG20240213093457.jpg,Bili Patra,Aegle Marmelos,26
IMG20240213093505.jpg,Bili Patra,Aegle Marmelos,26
IMG20240213093513.jpg,Bili Patra,Aegle Marmelos,26
IMG20240213093522.jpg,Bili Patra,Aegle Marmelos,26
IMG20240213093527.jpg,Bili Patra,Aegle Marmelos,26
IMG20240213093638.jpg,Devil'S Backbone,Pedilanthus Tithymaloides,27
IMG20240213093643.jpg,Devil'S Backbone,Pedilanthus Tithymaloides,27
IMG20240213093655.jpg,Devil'S Backbone,Pedilanthus Tithymaloides,27
IMG20240213093700.jpg,Devil'S Backbone,Pedilanthus Tithymaloides,27
IMG20240213093714.jpg,Devil'S Backbone,Pedilanthus Tithymaloides,27
IMG20240213093720.jpg,Devil'S Backbone,Pedilanthus Tithymaloides,27
IMG20240213093729.jpg,Devil'S Backbone,Pedilanthus Tithymaloides,27
IMG20240213093740.jpg,Devil'S Backbone,Pedilanthus Tithymaloides,27
IMG20240213093759.jpg,Devil'S Backbone,Pedilanthus Tithymaloides,27
IMG20240213093808.jpg,Devil'S Backbone,Pedilanthus Tithymaloides,27
IMG20240213093933.jpg,Chinese Chaste Tree,Vitex Negundo,28
IMG20240213093939.jpg,Chinese Chaste Tree,Vitex Negundo,28
IMG20240213093952.jpg,Chinese Chaste Tree,Vitex Negundo,28
IMG20240213093958.jpg,Chinese Chaste Tree,Vitex Negundo,28
IMG20240213094008.jpg,Chinese Chaste Tree,Vitex Negundo,28
IMG20240213094012.jpg,Chinese Chaste Tree,Vitex Negundo,28
IMG20240213094033.jpg,Chinese Chaste Tree,Vitex Negundo,28
IMG20240213094042.jpg,Chinese Chaste Tree,Vitex Negundo,28
IMG20240213094054.jpg,Chinese Chaste Tree,Vitex Negundo,28
IMG20240213094101.jpg,Chinese Chaste Tree,Vitex Negundo,28
IMG20240213094115.jpg,Chinese Chaste Tree,Vitex Negundo,28
IMG20240213094121.jpg,Chinese Chaste Tree,Vitex Negundo,28
IMG20240213094300.jpg,Song Of India,Dracaena Reflexa,29
IMG20240213094310.jpg,Song Of India,Dracaena Reflexa,29
IMG20240213094317.jpg,Song Of India,Dracaena Reflexa,29
IMG20240213094342.jpg,Song Of India,Dracaena Reflexa,29
IMG20240213094408.jpg,Song Of India,Dracaena Reflexa,29
IMG20240213094434.jpg,Song Of India,Dracaena Reflexa,29
IMG20240213094443.jpg,Song Of India,Dracaena Reflexa,29
IMG20240213094527.jpg,Morning Glory,Ipomea Cairica,30
IMG20240213094537.jpg,Morning Glory,Ipomea Cairica,30
IMG20240213094552.jpg,Morning Glory,Ipomea Cairica,30
IMG20240213094600.jpg,Morning Glory,Ipomea Cairica,30
IMG20240213094620.jpg,Morning Glory,Ipomea Cairica,30
IMG20240213094632.jpg,Morning Glory,Ipomea Cairica,30
IMG20240213094656.jpg,Morning Glory,Ipomea Cairica,30
IMG20240213094704.jpg,Morning Glory,Ipomea Cairica,30
IMG20240213094747.jpg,Broom Creeper,Cocculus Hirsutus,31
IMG20240213094752.jpg,Broom Creeper,Cocculus Hirsutus,31
IMG20240213094759.jpg,Broom Creeper,Cocculus Hirsutus,31
IMG20240213094803.jpg,Broom Creeper,Cocculus Hirsutus,31
IMG20240213094816.jpg,Broom Creeper,Cocculus Hirsutus,31
IMG20240213094823.jpg,Broom Creeper,Cocculus Hirsutus,31
IMG20240213094830.jpg,Broom Creeper,Cocculus Hirsutus,31
IMG20240213094837.jpg,Broom Creeper,Cocculus Hirsutus,31
IMG20240213094843.jpg,Broom Creeper,Cocculus Hirsutus,31
IMG20240213094847.jpg,Broom Creeper,Cocculus Hirsutus,31
IMG20240213094938.jpg,Narrow Leaf Dragon Tree,Dracaena Angustifolia,32
IMG20240213094944.jpg,Narrow Leaf Dragon Tree,Dracaena Angustifolia,32
IMG20240213094949.jpg,Narrow Leaf Dragon Tree,Dracaena Angustifolia,32
IMG20240213094953.jpg,Narrow Leaf Dragon Tree,Dracaena Angustifolia,32
IMG20240213095032.jpg,Narrow Leaf Dragon Tree,Dracaena Angustifolia,32
IMG20240213095043.jpg,Narrow Leaf Dragon Tree,Dracaena Angustifolia,32
IMG20240213095058.jpg,Narrow Leaf Dragon Tree,Dracaena Angustifolia,32
IMG20240213095140.jpg,Oleander,Nerium Oleander,33
IMG20240213095147.jpg,Oleander,Nerium Oleander,33
IMG20240213095157.jpg,Oleander,Nerium Oleander,33
IMG20240213095201.jpg,Oleander,Nerium Oleander,33
IMG20240213095211.jpg,Oleander,Nerium Oleander,33
IMG20240213095216.jpg,Oleander,Nerium Oleander,33
IMG20240213095227.jpg,Oleander,Nerium Oleander,33
IMG20240213095231.jpg,Oleander,Nerium Oleander,33
IMG20240213095243.jpg,Oleander,Nerium Oleander,33
IMG20240213095246.jpg,Oleander,Nerium Oleander,33
IMG20240214085653.jpg,Devil'S Horsewhip,Achyranthes Aspera,34
IMG20240214085658.jpg,Devil'S Horsewhip,Achyranthes Aspera,34
IMG20240214085706.jpg,Devil'S Horsewhip,Achyranthes Aspera,34
IMG20240214085713.jpg,Devil'S Horsewhip,Achyranthes Aspera,34
IMG20240214085722.jpg,Devil'S Horsewhip,Achyranthes Aspera,34
IMG20240214085730.jpg,Devil'S Horsewhip,Achyranthes Aspera,34
IMG20240214085740.jpg,Devil'S Horsewhip,Achyranthes Aspera,34
IMG20240214085750.jpg,Devil'S Horsewhip,Achyranthes Aspera,34
IMG20240214085803.jpg,Devil'S Horsewhip,Achyranthes Aspera,34
IMG20240214085812.jpg,Devil'S Horsewhip,Achyranthes Aspera,34
IMG20240214085857.jpg,Indian Mallow,Abutilon Indicon,35
IMG20240214085904.jpg,Indian Mallow,Abutilon Indicon,35
IMG20240214085917.jpg,Indian Mallow,Abutilon Indicon,35
IMG20240214085922.jpg,Indian Mallow,Abutilon Indicon,35
IMG20240214085954.jpg,Indian Mallow,Abutilon Indicon,35
IMG20240214090000.jpg,Indian Mallow,Abutilon Indicon,35
IMG20240214090009.jpg,Indian Mallow,Abutilon Indicon,35
IMG20240214090016.jpg,Indian Mallow,Abutilon Indicon,35
IMG20240214090033.jpg,Indian Mallow,Abutilon Indicon,35
IMG20240214090041.jpg,Indian Mallow,Abutilon Indicon,35
IMG20240214090124.jpg,Calico Flower,Aristolochia Littoralis,36
IMG20240214090141.jpg,Calico Flower,Aristolochia Littoralis,36
IMG20240214090156.jpg,Calico Flower,Aristolochia Littoralis,36
IMG20240214090203.jpg,Calico Flower,Aristolochia Littoralis,36
IMG20240214090222.jpg,Calico Flower,Aristolochia Littoralis,36
IMG20240214090248.jpg,Calico Flower,Aristolochia Littoralis,36
IMG20240214090300.jpg,Calico Flower,Aristolochia Littoralis,36
IMG20240214090306.jpg,Calico Flower,Aristolochia Littoralis,36
IMG20240214090350.jpg,Morus Indica,Tetraploid Mulberry,37
IMG20240214090356.jpg,Morus Indica,Tetraploid Mulberry,37
IMG20240214090413.jpg,Morus Indica,Tetraploid Mulberry,37
IMG20240214090419.jpg,Morus Indica,Tetraploid Mulberry,37
IMG20240214090428.jpg,Morus Indica,Tetraploid Mulberry,37
IMG20240214090435.jpg,Morus Indica,Tetraploid Mulberry,37
IMG20240214090459.jpg,Morus Indica,Tetraploid Mulberry,37
IMG20240214090506.jpg,Morus Indica,Tetraploid Mulberry,37
IMG20240214090515.jpg,Morus Indica,Tetraploid Mulberry,37
IMG20240214090522.jpg,Morus Indica,Tetraploid Mulberry,37
IMG20240214090537.jpg,Devil'S Backbone,Euphorbia Tithymaloides,38
IMG20240214090545.jpg,Devil'S Backbone,Euphorbia Tithymaloides,38
IMG20240214090606.jpg,Devil'S Backbone,Euphorbia Tithymaloides,38
IMG20240214090615.jpg,Devil'S Backbone,Euphorbia Tithymaloides,38
IMG20240214090620.jpg,Devil'S Backbone,Euphorbia Tithymaloides,38
IMG20240214090631.jpg,Devil'S Backbone,Euphorbia Tithymaloides,38
IMG20240214090638.jpg,Devil'S Backbone,Euphorbia Tithymaloides,38
IMG20240214090703.jpg,Devil'S Backbone,Euphorbia Tithymaloides,38
IMG20240214090711.jpg,Devil'S Backbone,Euphorbia Tithymaloides,38
IMG20240214090745.jpg,Copper Leaf,Acalypha Wilkesiana,39
IMG20240214090751.jpg,Copper Leaf,Acalypha Wilkesiana,39
IMG20240214090805.jpg,Copper Leaf,Acalypha Wilkesiana,39
IMG20240214090824.jpg,Copper Leaf,Acalypha Wilkesiana,39
IMG20240214090832.jpg,Copper Leaf,Acalypha Wilkesiana,39
IMG20240214090842.jpg,Copper Leaf,Acalypha Wilkesiana,39
IMG20240214090849.jpg,Copper Leaf,Acalypha Wilkesiana,39
IMG20240214090928.jpg,Kamani,Murraya paniculata,2
IMG20240214090935.jpg,Kamani,Murraya paniculata,2
IMG20240214090943.jpg,Kamani,Murraya paniculata,2
IMG20240214090949.jpg,Kamani,Murraya paniculata,2
IMG20240214090957.jpg,Kamani,Murraya paniculata,2
IMG20240214091003.jpg,Kamani,Murraya paniculata,2
IMG20240214091011.jpg,Kamani,Murraya paniculata,2
IMG20240214091017.jpg,Kamani,Murraya paniculata,2
IMG20240214091037.jpg,Kamani,Murraya paniculata,2
IMG20240214091044.jpg,Kamani,Murraya paniculata,2
IMG20240214091142.jpg,,Pelargonium Sp.,40
IMG20240214091149.jpg,,Pelargonium Sp.,40
IMG20240214091201.jpg,,Pelargonium Sp.,40
IMG20240214091207.jpg,,Pelargonium Sp.,40
IMG20240214091214.jpg,,Pelargonium Sp.,40
IMG20240214091223.jpg,,Pelargonium Sp.,40
IMG20240214091232.jpg,,Pelargonium Sp.,40
IMG20240214091239.jpg,,Pelargonium Sp.,40
IMG20240214091332.jpg,Henna,Lawsonia Inermis,41
IMG20240214091345.jpg,Henna,Lawsonia Inermis,41
IMG20240214091454.jpg,Henna,Lawsonia Inermis,41
IMG20240214091503.jpg,Henna,Lawsonia Inermis,41
IMG20240214091519.jpg,Henna,Lawsonia Inermis,41
IMG20240214091530.jpg,Henna,Lawsonia Inermis,41
IMG20240214091538.jpg,Henna,Lawsonia Inermis,41
IMG20240214091545.jpg,Henna,Lawsonia Inermis,41
IMG20240214091552.jpg,Christ Thrown,Euphorbia Milii,42
IMG20240214091558.jpg,Christ Thrown,Euphorbia Milii,42
IMG20240214091630.jpg,Christ Thrown,Euphorbia Milii,42
IMG20240214091634.jpg,Christ Thrown,Euphorbia Milii,42
IMG20240214091642.jpg,Christ Thrown,Euphorbia Milii,42
IMG20240214091650.jpg,Christ Thrown,Euphorbia Milii,42
IMG20240214091715.jpg,Christ Thrown,Euphorbia Milii,42
IMG20240214091724.jpg,Christ Thrown,Euphorbia Milii,42
IMG20240214091736.jpg,Christ Thrown,Euphorbia Milii,42
IMG20240214091744.jpg,Christ Thrown,Euphorbia Milii,42
IMG20240214091832.jpg,Plum Aralia,Polyscias Scutellaria,43
IMG20240214091837.jpg,Plum Aralia,Polyscias Scutellaria,43
IMG20240214091846.jpg,Plum Aralia,Polyscias Scutellaria,43
IMG20240214091851.jpg,Plum Aralia,Polyscias Scutellaria,43
IMG20240214091907.jpg,Plum Aralia,Polyscias Scutellaria,43
IMG20240214091913.jpg,Plum Aralia,Polyscias Scutellaria,43
IMG20240214091921.jpg,Plum Aralia,Polyscias Scutellaria,43
IMG20240214091929.jpg,Plum Aralia,Polyscias Scutellaria,43
IMG20240214091940.jpg,Plum Aralia,Polyscias Scutellaria,43
IMG20240214091945.jpg,Plum Aralia,Polyscias Scutellaria,43
IMG20240214092139.jpg,Malabar Nut,Justicia Adhatoda,44
IMG20240214092146.jpg,Malabar Nut,Justicia Adhatoda,44
IMG20240214092154.jpg,Malabar Nut,Justicia Adhatoda,44
IMG20240214092200.jpg,Malabar Nut,Justicia Adhatoda,44
IMG20240214092208.jpg,Malabar Nut,Justicia Adhatoda,44
IMG20240214092213.jpg,Malabar Nut,Justicia Adhatoda,44
IMG20240214092226.jpg,Malabar Nut,Justicia Adhatoda,44
IMG20240214092231.jpg,Malabar Nut,Justicia Adhatoda,44
IMG20240214092537.jpg,Wood Apple,Limonia Acidissima,45
IMG20240214092546.jpg,Wood Apple,Limonia Acidissima,45
IMG20240214092558.jpg,Wood Apple,Limonia Acidissima,45
IMG20240214092607.jpg,Wood Apple,Limonia Acidissima,45
IMG20240214092627.jpg,Wood Apple,Limonia Acidissima,45
IMG20240214092633.jpg,Wood Apple,Limonia Acidissima,45
IMG20240214092639.jpg,Wood Apple,Limonia Acidissima,45
IMG20240214092645.jpg,Wood Apple,Limonia Acidissima,45
IMG20240214092701.jpg,Wood Apple,Limonia Acidissima,45
IMG20240214092711.jpg,Wood Apple,Limonia Acidissima,45
IMG20240214092749.jpg,Song Of India,Dracaena Reflexa,29
IMG20240214092759.jpg,Song Of India,Dracaena Reflexa,29
IMG20240214092809.jpg,Song Of India,Dracaena Reflexa,29
IMG20240214092820.jpg,Song Of India,Dracaena Reflexa,29
IMG20240214092829.jpg,Song Of India,Dracaena Reflexa,29
IMG20240214092848.jpg,Song Of India,Dracaena Reflexa,29
IMG20240214092908.jpg,Song Of India,Dracaena Reflexa,29
IMG20240214092922.jpg,Song Of India,Dracaena Reflexa,29
IMG20240214092929.jpg,Song Of India,Dracaena Reflexa,29
IMG20240214093014.jpg,Ming Aralia,Polyscias Fruticosa,46
IMG20240214093023.jpg,Ming Aralia,Polyscias Fruticosa,46
IMG20240214093033.jpg,Ming Aralia,Polyscias Fruticosa,46
IMG20240214093042.jpg,Ming Aralia,Polyscias Fruticosa,46
IMG20240214093101.jpg,Ming Aralia,Polyscias Fruticosa,46
IMG20240214093106.jpg,Ming Aralia,Polyscias Fruticosa,46
IMG20240214093112.jpg,Ming Aralia,Polyscias Fruticosa,46
IMG20240214093154.jpg,Ming Aralia,Polyscias Fruticosa,46
IMG20240214093200.jpg,Ming Aralia,Polyscias Fruticosa,46
IMG20240214093343.jpg,Folha Da Costa,Kalanchoe Brasiliensis,47
IMG20240214093349.jpg,Folha Da Costa,Kalanchoe Brasiliensis,47
IMG20240214093359.jpg,Folha Da Costa,Kalanchoe Brasiliensis,47
IMG20240214093403.jpg,Folha Da Costa,Kalanchoe Brasiliensis,47
IMG20240214093412.jpg,Folha Da Costa,Kalanchoe Brasiliensis,47
IMG20240214093417.jpg,Folha Da Costa,Kalanchoe Brasiliensis,47
IMG20240214093425.jpg,Folha Da Costa,Kalanchoe Brasiliensis,47
IMG20240214093435.jpg,Folha Da Costa,Kalanchoe Brasiliensis,47
IMG20240214093539.jpg,Indra Pushpa,Thunbergia Fragrans,48
IMG20240214093546.jpg,Indra Pushpa,Thunbergia Fragrans,48
IMG20240214093558.jpg,Indra Pushpa,Thunbergia Fragrans,48
IMG20240214093604.jpg,Indra Pushpa,Thunbergia Fragrans,48
IMG20240214093612.jpg,Indra Pushpa,Thunbergia Fragrans,48
IMG20240214093622.jpg,Indra Pushpa,Thunbergia Fragrans,48
IMG20240214093630.jpg,Indra Pushpa,Thunbergia Fragrans,48
IMG20240214093636.jpg,Indra Pushpa,Thunbergia Fragrans,48
IMG20240214093741.jpg,Arabian Jasmine,Jasminum Sambac,49
IMG20240214093747.jpg,Arabian Jasmine,Jasminum Sambac,49
IMG20240214093754.jpg,Arabian Jasmine,Jasminum Sambac,49
IMG20240214093801.jpg,Arabian Jasmine,Jasminum Sambac,49
IMG20240214093823.jpg,Arabian Jasmine,Jasminum Sambac,49
IMG20240214093827.jpg,Arabian Jasmine,Jasminum Sambac,49
IMG20240214093834.jpg,Arabian Jasmine,Jasminum Sambac,49
IMG20240214093840.jpg,Arabian Jasmine,Jasminum Sambac,49
IMG20240214093920.jpg,Madagascar Rubbervine,Cryptostegia Madagascariensis,50
IMG20240214093925.jpg,Madagascar Rubbervine,Cryptostegia Madagascariensis,50
IMG20240214093930.jpg,Madagascar Rubbervine,Cryptostegia Madagascariensis,50
IMG20240214093935.jpg,Madagascar Rubbervine,Cryptostegia Madagascariensis,50
IMG20240214093943.jpg,Madagascar Rubbervine,Cryptostegia Madagascariensis,50
IMG20240214094000.jpg,Madagascar Rubbervine,Cryptostegia Madagascariensis,50
IMG20240214094008.jpg,Madagascar Rubbervine,Cryptostegia Madagascariensis,50
IMG20240214094012.jpg,Madagascar Rubbervine,Cryptostegia Madagascariensis,50
IMG20240214094058.jpg,Purple False Eranthemum,Pseuderanthemum Carruthersii Var. Atropurpureum,51
IMG20240214094103.jpg,Purple False Eranthemum,Pseuderanthemum Carruthersii Var. Atropurpureum,51
IMG20240214094115.jpg,Purple False Eranthemum,Pseuderanthemum Carruthersii Var. Atropurpureum,51
IMG20240214094121.jpg,Purple False Eranthemum,Pseuderanthemum Carruthersii Var. Atropurpureum,51
IMG20240214094132.jpg,Purple False Eranthemum,Pseuderanthemum Carruthersii Var. Atropurpureum,51
IMG20240214094137.jpg,Purple False Eranthemum,Pseuderanthemum Carruthersii Var. Atropurpureum,51
IMG20240214094144.jpg,Purple False Eranthemum,Pseuderanthemum Carruthersii Var. Atropurpureum,51
IMG20240214094149.jpg,Purple False Eranthemum,Pseuderanthemum Carruthersii Var. Atropurpureum,51
IMG20240214094155.jpg,Purple False Eranthemum,Pseuderanthemum Carruthersii Var. Atropurpureum,51
IMG20240214094201.jpg,Purple False Eranthemum,Pseuderanthemum Carruthersii Var. Atropurpureum,51
IMG20240214094327.jpg,Mousehole Tree,Myoporum Laetum,52
IMG20240214094336.jpg,Mousehole Tree,Myoporum Laetum,52
IMG20240214094346.jpg,Mousehole Tree,Myoporum Laetum,52
IMG20240214094352.jpg,Mousehole Tree,Myoporum Laetum,52
IMG20240214094401.jpg,Mousehole Tree,Myoporum Laetum,52
IMG20240214094407.jpg,Mousehole Tree,Myoporum Laetum,52
IMG20240214094415.jpg,Mousehole Tree,Myoporum Laetum,52
IMG20240214094422.jpg,Mousehole Tree,Myoporum Laetum,52
IMG20240214094600.jpg,Devil'S Ivy,Epipremnun Aureum,53
IMG20240214094608.jpg,Devil'S Ivy,Epipremnun Aureum,53
IMG20240214094626.jpg,Devil'S Ivy,Epipremnun Aureum,53
IMG20240214094633.jpg,Devil'S Ivy,Epipremnun Aureum,53
IMG20240214094647.jpg,Devil'S Ivy,Epipremnun Aureum,53
IMG20240214094652.jpg,Devil'S Ivy,Epipremnun Aureum,53
IMG20240214094706.jpg,Devil'S Ivy,Epipremnun Aureum,53
IMG20240214094749.jpg,Devil'S Ivy,Epipremnun Aureum,53
